epsilon,sigma
0.450,4.890169
0.600,2.593154
0.800,1.886150
1.000,1.601185
1.200,1.435335
1.400,1.312616
1.600,1.225438
1.800,1.155948
2.000,1.096290
2.200,1.047493
2.400,1.008691
2.600,0.979371
2.800,0.942858
3.000,0.911557
